Year,Month,Domestic,International,Total,origin
2002,10,6875,0,6875,DEN
2002,11,6295,0,6295,DEN
2002,12,8679,0,8679,DEN
2002,TOTAL,71275,0,71275,DEN
2003,1,6185,0,6185,DEN
2003,2,5610,0,5610,DEN
2003,3,7138,0,7138,DEN
2003,4,7873,0,7873,DEN
2003,5,12767,0,12767,DEN
2003,6,18472,0,18472,DEN
2003,7,21036,0,21036,DEN
2003,8,19923,0,19923,DEN
2003,9,12146,0,12146,DEN
2003,10,12570,0,12570,DEN
2003,11,13370,0,13370,DEN
2003,12,15670,0,15670,DEN
2003,TOTAL,152760,0,152760,DEN
2004,1,13929,0,13929,DEN
2004,2,13464,0,13464,DEN
2004,3,16146,0,16146,DEN
2004,4,13684,0,13684,DEN
2004,5,17105,0,17105,DEN
2004,6,24376,0,24376,DEN
2004,7,27326,0,27326,DEN
2004,8,22945,0,22945,DEN
2004,9,16084,0,16084,DEN
2004,10,14433,0,14433,DEN
2004,11,15616,0,15616,DEN
2004,12,17331,0,17331,DEN
2004,TOTAL,212439,0,212439,DEN
2005,1,12460,0,12460,DEN
2005,2,13027,0,13027,DEN
2005,3,16871,0,16871,DEN
2005,4,15777,0,15777,DEN
2005,5,18554,0,18554,DEN
2005,6,20869,0,20869,DEN
2005,7,25704,0,25704,DEN
2005,8,24792,0,24792,DEN
2005,9,17867,0,17867,DEN
2005,10,15531,0,15531,DEN
2005,11,16265,0,16265,DEN
2005,12,17607,0,17607,DEN
2005,TOTAL,215324,0,215324,DEN
2006,1,13467,0,13467,DEN
2006,2,11918,0,11918,DEN
2006,3,18013,0,18013,DEN
2006,4,19430,0,19430,DEN
2006,5,19810,0,19810,DEN
2006,6,26123,0,26123,DEN
2006,7,28229,0,28229,DEN
2006,8,26225,0,26225,DEN
2006,9,19115,0,19115,DEN
2006,10,17335,0,17335,DEN
2006,11,16419,0,16419,DEN
2006,12,15985,0,15985,DEN
2006,TOTAL,232069,0,232069,DEN
2007,1,13990,0,13990,DEN
2007,2,12798,0,12798,DEN
2007,3,17689,0,17689,DEN
2007,4,18884,0,18884,DEN
2007,5,22970,0,22970,DEN
2007,6,26586,0,26586,DEN
2007,7,27941,0,27941,DEN
2007,8,26755,0,26755,DEN
2007,9,20001,0,20001,DEN
2007,10,18772,0,18772,DEN
2007,11,18656,0,18656,DEN
2007,12,19512,0,19512,DEN
2007,TOTAL,244554,0,244554,DEN
2008,1,16539,0,16539,DEN
2008,2,16623,0,16623,DEN
2008,3,19615,0,19615,DEN
2008,4,18995,0,18995,DEN
2008,5,23021,0,23021,DEN
2008,6,24783,0,24783,DEN
2008,7,27469,0,27469,DEN
2008,8,25237,0,25237,DEN
2008,9,20538,0,20538,DEN
2008,10,20176,0,20176,DEN
2008,11,17208,0,17208,DEN
2008,12,17990,0,17990,DEN
2008,TOTAL,248194,0,248194,DEN
2009,1,13662,0,13662,DEN
2009,2,12670,0,12670,DEN
2009,3,16455,0,16455,DEN
2009,4,17470,0,17470,DEN
2009,5,23768,0,23768,DEN
2009,6,27421,0,27421,DEN
2009,7,29464,0,29464,DEN
2009,8,25289,0,25289,DEN
2009,9,17361,0,17361,DEN
2009,10,17307,0,17307,DEN
2009,11,14536,0,14536,DEN
2009,12,14737,0,14737,DEN
2009,TOTAL,230140,0,230140,DEN
2010,1,13259,0,13259,DEN
2010,2,12506,0,12506,DEN
2010,3,15172,0,15172,DEN
2010,4,14877,0,14877,DEN
2010,5,19199,0,19199,DEN
2010,6,23706,0,23706,DEN
2010,7,27877,0,27877,DEN
2010,8,24626,0,24626,DEN
2010,9,14507,0,14507,DEN
2010,10,12185,0,12185,DEN
2010,11,11589,0,11589,DEN
2010,12,11610,0,11610,DEN
2010,TOTAL,201113,0,201113,DEN
2011,1,10641,0,10641,DEN
2011,2,8883,0,8883,DEN
2011,3,11424,0,11424,DEN
2011,4,10661,0,10661,DEN
2011,5,12437,0,12437,DEN
2011,6,20095,0,20095,DEN
2011,7,24811,0,24811,DEN
2011,8,21454,0,21454,DEN
2011,9,12506,0,12506,DEN
2011,10,12545,0,12545,DEN
2011,11,11557,0,11557,DEN
2011,12,12195,0,12195,DEN
2011,TOTAL,169209,0,169209,DEN
2012,1,11907,0,11907,DEN
2012,2,10532,0,10532,DEN
2012,3,12019,0,12019,DEN
2012,4,11382,0,11382,DEN
2012,5,13404,0,13404,DEN
2012,6,18196,0,18196,DEN
2012,7,22730,0,22730,DEN
2012,8,22052,0,22052,DEN
2012,9,14523,0,14523,DEN
2012,10,12113,0,12113,DEN
2012,11,12403,0,12403,DEN
2012,12,13531,0,13531,DEN
2012,TOTAL,174792,0,174792,DEN
2013,1,13054,0,13054,DEN
2013,2,11063,0,11063,DEN
2013,3,13153,0,13153,DEN
2013,4,14239,0,14239,DEN
2013,5,14721,0,14721,DEN
2013,6,22380,0,22380,DEN
2013,7,25321,0,25321,DEN
2013,8,23630,0,23630,DEN
2013,9,14696,0,14696,DEN
2013,10,14237,0,14237,DEN
2013,11,13506,0,13506,DEN
2013,12,14289,0,14289,DEN
2013,TOTAL,194289,0,194289,DEN
2014,1,13858,0,13858,DEN
2014,2,12945,0,12945,DEN
2014,3,14721,0,14721,DEN
2014,4,16566,0,16566,DEN
2014,5,16635,0,16635,DEN
2014,6,19823,0,19823,DEN
2014,7,22077,0,22077,DEN
2014,8,21493,0,21493,DEN
2014,9,17741,0,17741,DEN
2014,10,14374,0,14374,DEN
2014,11,12483,0,12483,DEN
2014,12,14928,0,14928,DEN
2014,TOTAL,197644,0,197644,DEN
2015,1,14935,0,14935,DEN
2015,2,13691,0,13691,DEN
2015,3,17977,0,17977,DEN
2015,4,17712,0,17712,DEN
2015,5,21835,0,21835,DEN
2015,6,24796,0,24796,DEN
2015,7,28001,0,28001,DEN
2015,8,24650,0,24650,DEN
2015,9,19460,0,19460,DEN
2015,10,15613,0,15613,DEN
2015,11,14538,0,14538,DEN
2015,12,15423,0,15423,DEN
2015,TOTAL,228631,0,228631,DEN
2016,1,15252,0,15252,DEN
2016,2,14485,0,14485,DEN
2016,3,17263,0,17263,DEN
2016,4,17739,0,17739,DEN
2016,5,20777,0,20777,DEN
2016,6,26399,0,26399,DEN
2016,7,29128,0,29128,DEN
2016,8,29435,0,29435,DEN
2016,9,17867,0,17867,DEN
2016,10,17569,0,17569,DEN
2016,11,16886,0,16886,DEN
2016,12,17886,0,17886,DEN
2016,TOTAL,240686,0,240686,DEN
2017,1,17101,0,17101,DEN
2017,2,15543,0,15543,DEN
2017,3,21443,0,21443,DEN
2017,4,21291,0,21291,DEN
2017,5,23184,0,23184,DEN
2017,6,26216,0,26216,DEN
2017,7,26261,0,26261,DEN
2017,8,25844,0,25844,DEN
2017,9,21483,0,21483,DEN
2017,10,19098,0,19098,DEN
2017,11,18085,0,18085,DEN
2017,12,18566,0,18566,DEN
2017,TOTAL,254115,0,254115,DEN
2018,1,18187,0,18187,DEN
2018,2,16934,0,16934,DEN
2018,3,21788,0,21788,DEN
2018,4,28630,0,28630,DEN
2018,5,31963,0,31963,DEN
2018,6,29167,0,29167,DEN
2018,7,28485,0,28485,DEN
2018,8,26869,0,26869,DEN
2018,9,21740,0,21740,DEN
2018,10,18351,0,18351,DEN
2018,11,17370,0,17370,DEN
2018,12,17590,0,17590,DEN
2018,TOTAL,277074,0,277074,DEN
2019,1,18737,0,18737,DEN
2019,2,17371,0,17371,DEN
2019,3,21521,0,21521,DEN
2019,4,21256,0,21256,DEN
2019,5,24174,0,24174,DEN
2019,6,26611,0,26611,DEN
2019,7,28372,0,28372,DEN
2019,8,27025,0,27025,DEN
2019,9,23238,0,23238,DEN
2019,10,20062,0,20062,DEN
2019,11,18400,0,18400,DEN
2019,12,20616,0,20616,DEN
2019,TOTAL,267383,0,267383,DEN
2020,1,18992,0,18992,DEN
2020,2,17072,0,17072,DEN
2020,3,10200,0,10200,DEN
2020,4,1357,0,1357,DEN
2020,5,3309,0,3309,DEN
2020,6,6784,0,6784,DEN
2020,7,9760,0,9760,DEN
2020,8,11583,0,11583,DEN
2020,9,14200,0,14200,DEN
2020,10,13313,0,13313,DEN
2020,11,9469,0,9469,DEN
2020,TOTAL,116039,0,79057,DEN
2014,9,4061,0,4061,BWI
2014,10,4769,0,4769,BWI
2014,11,4482,0,4482,BWI
2014,12,4936,0,4936,BWI
2014,TOTAL,18248,0,18248,BWI
2015,1,4268,0,4268,BWI
2015,2,3874,0,3874,BWI
2015,3,4814,0,4814,BWI
2015,4,4775,0,4775,BWI
2015,5,4900,0,4900,BWI
2015,6,4631,0,4631,BWI
2015,7,4931,0,4931,BWI
2015,8,4995,0,4995,BWI
2015,9,7514,0,7514,BWI
2015,10,9575,0,9575,BWI
2015,11,9018,0,9018,BWI
2015,12,9535,0,9535,BWI
2015,TOTAL,72830,0,72830,BWI
2016,1,7465,0,7465,BWI
2016,2,7641,0,7641,BWI
2016,3,9338,0,9338,BWI
2016,4,8555,0,8555,BWI
2016,5,9355,0,9355,BWI
2016,6,8464,0,8464,BWI
2016,7,9010,0,9010,BWI
2016,8,9715,0,9715,BWI
2016,9,8940,0,8940,BWI
2016,10,9682,0,9682,BWI
2016,11,9530,0,9530,BWI
2016,12,9821,0,9821,BWI
2016,TOTAL,107516,0,107516,BWI
2017,1,7910,0,7910,BWI
2017,2,7052,0,7052,BWI
2017,3,10607,0,10607,BWI
2017,4,12626,0,12626,BWI
2017,5,13968,0,13968,BWI
2017,6,16446,0,16446,BWI
2017,7,17419,0,17419,BWI
2017,8,17725,0,17725,BWI
2017,9,13365,0,13365,BWI
2017,10,13361,0,13361,BWI
2017,11,12391,0,12391,BWI
2017,12,11765,0,11765,BWI
2017,TOTAL,154635,0,154635,BWI
2018,1,10723,0,10723,BWI
2018,2,9925,0,9925,BWI
2018,3,12644,0,12644,BWI
2018,4,16179,0,16179,BWI
2018,5,16522,0,16522,BWI
2018,6,20964,0,20964,BWI
2018,7,21698,0,21698,BWI
2018,8,19472,0,19472,BWI
2018,9,14076,0,14076,BWI
2018,10,16343,0,16343,BWI
2018,11,15243,0,15243,BWI
2018,12,15031,0,15031,BWI
2018,TOTAL,188820,0,188820,BWI
2019,1,14184,0,14184,BWI
2019,2,11820,0,11820,BWI
2019,3,14950,0,14950,BWI
2019,4,16398,0,16398,BWI
2019,5,17757,0,17757,BWI
2019,6,27091,0,27091,BWI
2019,7,30298,0,30298,BWI
2019,8,27585,0,27585,BWI
2019,9,19788,0,19788,BWI
2019,10,18269,0,18269,BWI
2019,11,8247,0,8247,BWI
2019,12,8830,0,8830,BWI
2019,TOTAL,215217,0,215217,BWI
2020,1,8811,0,8811,BWI
2020,2,8090,0,8090,BWI
2020,3,4513,0,4513,BWI
2020,4,243,0,243,BWI
2020,5,941,0,941,BWI
2020,6,2546,0,2546,BWI
2020,7,1982,0,1982,BWI
2020,8,4770,0,4770,BWI
2020,9,2297,0,2297,BWI
2020,10,2730,0,2730,BWI
2020,11,2413,0,2413,BWI
2020,TOTAL,39336,0,31896,BWI
2014,9,3715,0,3715,DTW
2014,10,4629,0,4629,DTW
2014,11,3946,0,3946,DTW
2014,12,4835,0,4835,DTW
2014,TOTAL,17125,0,17125,DTW
2015,1,4643,0,4643,DTW
2015,2,4106,0,4106,DTW
2015,3,4473,0,4473,DTW
2015,4,4458,0,4458,DTW
2015,5,4950,0,4950,DTW
2015,6,4726,0,4726,DTW
2015,7,5174,0,5174,DTW
2015,8,4847,0,4847,DTW
2015,9,4604,0,4604,DTW
2015,10,4542,0,4542,DTW
2015,11,4240,0,4240,DTW
2015,12,4782,0,4782,DTW
2015,TOTAL,55545,0,55545,DTW
2016,1,3971,0,3971,DTW
2016,2,3981,0,3981,DTW
2016,3,4875,0,4875,DTW
2016,4,4389,0,4389,DTW
2016,5,4967,0,4967,DTW
2016,6,7535,0,7535,DTW
2016,7,8535,0,8535,DTW
2016,8,7810,0,7810,DTW
2016,9,4114,0,4114,DTW
2016,10,4214,0,4214,DTW
2016,11,3920,0,3920,DTW
2016,12,3730,0,3730,DTW
2016,TOTAL,62041,0,62041,DTW
2017,1,3836,0,3836,DTW
2017,2,3426,0,3426,DTW
2017,3,4620,0,4620,DTW
2017,4,4508,0,4508,DTW
2017,5,7245,0,7245,DTW
2017,6,9089,0,9089,DTW
2017,7,9268,0,9268,DTW
2017,8,8351,0,8351,DTW
2017,9,7643,0,7643,DTW
2017,10,7689,0,7689,DTW
2017,11,7070,0,7070,DTW
2017,12,7448,0,7448,DTW
2017,TOTAL,80193,0,80193,DTW
2018,1,3854,0,3854,DTW
2018,2,3352,0,3352,DTW
2018,3,6378,0,6378,DTW
2018,4,8735,0,8735,DTW
2018,5,11822,0,11822,DTW
2018,6,12940,0,12940,DTW
2018,7,14687,0,14687,DTW
2018,8,11551,0,11551,DTW
2018,9,4377,0,4377,DTW
2018,10,4494,0,4494,DTW
2018,11,4543,0,4543,DTW
2018,12,4207,0,4207,DTW
2018,TOTAL,90940,0,90940,DTW
2019,1,3656,0,3656,DTW
2019,2,3211,0,3211,DTW
2019,3,3915,0,3915,DTW
2019,4,3720,0,3720,DTW
2019,5,4705,0,4705,DTW
2019,6,8179,0,8179,DTW
2019,7,10039,0,10039,DTW
2019,8,8546,0,8546,DTW
2019,9,4554,0,4554,DTW
2019,10,4577,0,4577,DTW
2019,11,3522,0,3522,DTW
2019,12,3957,0,3957,DTW
2019,TOTAL,62581,0,62581,DTW
2020,1,3391,0,3391,DTW
2020,2,3596,0,3596,DTW
2020,3,1872,0,1872,DTW
2020,4,188,0,188,DTW
2020,5,871,0,871,DTW
2020,6,2376,0,2376,DTW
2020,7,2800,0,2800,DTW
2020,8,2597,0,2597,DTW
2020,9,1821,0,1821,DTW
2020,10,1965,0,1965,DTW
2020,11,1561,0,1561,DTW
2020,12,1672,0,1672,DTW
2020,TOTAL,24710,0,19512,DTW
2003,2,135,0,135,SLC
2003,TOTAL,135,0,135,SLC
2013,4,7402,0,7402,SLC
2013,5,8843,0,8843,SLC
2013,6,8787,0,8787,SLC
2013,7,8938,0,8938,SLC
2013,8,9024,0,9024,SLC
2013,9,8033,0,8033,SLC
2013,10,7798,0,7798,SLC
2013,11,6800,0,6800,SLC
2013,12,7985,0,7985,SLC
2013,TOTAL,73610,0,73610,SLC
2014,1,7668,0,7668,SLC
2014,2,6656,0,6656,SLC
2014,3,7599,0,7599,SLC
2014,4,7750,0,7750,SLC
2014,5,8693,0,8693,SLC
2014,6,17613,0,17613,SLC
2014,7,25163,0,25163,SLC
2014,8,30448,0,30448,SLC
2014,9,22290,0,22290,SLC
2014,10,22649,0,22649,SLC
2014,11,18557,0,18557,SLC
2014,12,19848,0,19848,SLC
2014,TOTAL,194934,0,194934,SLC
2015,1,23143,0,23143,SLC
2015,2,22808,0,22808,SLC
2015,3,24234,0,24234,SLC
2015,4,20467,0,20467,SLC
2015,5,23379,0,23379,SLC
2015,6,22508,0,22508,SLC
2015,7,24592,0,24592,SLC
2015,8,25979,0,25979,SLC
2015,9,19629,0,19629,SLC
2015,10,19515,0,19515,SLC
2015,11,16417,0,16417,SLC
2015,12,17642,0,17642,SLC
2015,TOTAL,260313,0,260313,SLC
2016,1,19820,0,19820,SLC
2016,2,19294,0,19294,SLC
2016,3,20541,0,20541,SLC
2016,4,18268,0,18268,SLC
2016,5,20530,0,20530,SLC
2016,6,24460,0,24460,SLC
2016,7,27546,0,27546,SLC
2016,8,28242,0,28242,SLC
2016,9,22664,0,22664,SLC
2016,10,22330,0,22330,SLC
2016,11,21687,0,21687,SLC
2016,12,22969,0,22969,SLC
2016,TOTAL,268351,0,268351,SLC
2017,1,23596,0,23596,SLC
2017,2,22038,0,22038,SLC
2017,3,24734,0,24734,SLC
2017,4,22911,0,22911,SLC
2017,5,24411,0,24411,SLC
2017,6,23081,227,23308,SLC
2017,7,26388,295,26683,SLC
2017,8,25336,333,25669,SLC
2017,9,20424,0,20424,SLC
2017,10,20560,0,20560,SLC
2017,11,19535,0,19535,SLC
2017,12,19661,0,19661,SLC
2017,TOTAL,272675,855,273530,SLC
2018,1,22848,0,22848,SLC
2018,2,22310,0,22310,SLC
2018,3,22047,0,22047,SLC
2018,4,19410,0,19410,SLC
2018,5,19404,0,19404,SLC
2018,6,22147,0,22147,SLC
2018,7,23890,0,23890,SLC
2018,8,20962,0,20962,SLC
2018,9,12052,0,12052,SLC
2018,10,11866,0,11866,SLC
2018,11,12071,0,12071,SLC
2018,12,13277,0,13277,SLC
2018,TOTAL,222284,0,222284,SLC
2019,1,11377,0,11377,SLC
2019,2,10091,0,10091,SLC
2019,3,11224,0,11224,SLC
2019,4,10244,0,10244,SLC
2019,5,14444,0,14444,SLC
2019,6,19243,0,19243,SLC
2019,7,21576,0,21576,SLC
2019,8,19722,0,19722,SLC
2019,9,12147,0,12147,SLC
2019,10,8358,0,8358,SLC
2019,11,7015,0,7015,SLC
2019,12,8233,0,8233,SLC
2019,TOTAL,153674,0,153674,SLC
2020,1,13473,0,13473,SLC
2020,2,17558,0,17558,SLC
2020,3,8922,0,8922,SLC
2020,4,48,0,48,SLC
2020,6,208,0,208,SLC
2020,7,109,0,109,SLC
2020,8,113,0,113,SLC
2020,10,2370,0,2370,SLC
2020,11,1321,0,1321,SLC
2020,TOTAL,44122,0,40431,SLC
2002,10,95679,2077,97756,PDX
2002,11,97050,2994,100044,PDX
2002,12,121677,2950,124627,PDX
2002,TOTAL,1263477,27271,1290748,PDX
2003,1,88231,3083,91314,PDX
2003,2,87223,2718,89941,PDX
2003,3,104618,3388,108006,PDX
2003,4,98192,1925,100117,PDX
2003,5,103530,1763,105293,PDX
2003,6,117674,1797,119471,PDX
2003,7,125806,1027,126833,PDX
2003,8,127373,899,128272,PDX
2003,9,98167,1185,99352,PDX
2003,10,103928,2211,106139,PDX
2003,11,105418,2360,107778,PDX
2003,12,118272,2292,120564,PDX
2003,TOTAL,1278432,24648,1303080,PDX
2004,1,86423,2448,88871,PDX
2004,2,91403,3079,94482,PDX
2004,3,109959,3189,113148,PDX
2004,4,100976,2133,103109,PDX
2004,5,99376,2231,101607,PDX
2004,6,115188,2170,117358,PDX
2004,7,119861,1336,121197,PDX
2004,8,124061,1222,125283,PDX
2004,9,96507,1207,97714,PDX
2004,10,96354,2071,98425,PDX
2004,11,102558,1822,104380,PDX
2004,12,106917,1772,108689,PDX
2004,TOTAL,1249583,24680,1274263,PDX
2005,1,87859,1674,89533,PDX
2005,2,84867,1605,86472,PDX
2005,3,106639,2230,108869,PDX
2005,4,100225,1623,101848,PDX
2005,5,92909,1427,94336,PDX
2005,6,112047,1463,113510,PDX
2005,7,114761,840,115601,PDX
2005,8,117517,962,118479,PDX
2005,9,94643,835,95478,PDX
2005,10,94562,1193,95755,PDX
2005,11,99304,1619,100923,PDX
2005,12,98822,1631,100453,PDX
2005,TOTAL,1204155,17102,1221257,PDX
2006,1,82009,1663,83672,PDX
2006,2,81892,1738,83630,PDX
2006,3,105866,2226,108092,PDX
2006,4,93619,1321,94940,PDX
2006,5,93672,2062,95734,PDX
2006,6,108791,1502,110293,PDX
2006,7,111790,1190,112980,PDX
2006,8,111834,1043,112877,PDX
2006,9,90617,1122,91739,PDX
2006,10,91840,2129,93969,PDX
2006,11,92889,3668,96557,PDX
2006,12,94069,4360,98429,PDX
2006,TOTAL,1158888,24024,1182912,PDX
2007,1,79731,3668,83399,PDX
2007,2,75899,3814,79713,PDX
2007,3,94354,5097,99451,PDX
2007,4,86610,3622,90232,PDX
2007,5,89596,1796,91392,PDX
2007,6,106949,1482,108431,PDX
2007,7,111220,1020,112240,PDX
2007,8,111372,1035,112407,PDX
2007,9,93474,1420,94894,PDX
2007,10,96928,2703,99631,PDX
2007,11,105099,4839,109938,PDX
2007,12,108159,5499,113658,PDX
2007,TOTAL,1159391,35995,1195386,PDX
2008,1,87196,4556,91752,PDX
2008,2,94332,5236,99568,PDX
2008,3,107454,6481,113935,PDX
2008,4,92076,3944,96020,PDX
2008,5,87079,2348,89427,PDX
2008,6,94860,2257,97117,PDX
2008,7,94862,1434,96296,PDX
2008,8,95472,1272,96744,PDX
2008,9,81018,1564,82582,PDX
2008,10,81756,2507,84263,PDX
2008,11,74560,2035,76595,PDX
2008,12,77028,2869,79897,PDX
2008,TOTAL,1067693,36503,1104196,PDX
2009,1,65933,2555,68488,PDX
2009,2,68073,2304,70377,PDX
2009,3,89408,2906,92314,PDX
2009,4,81294,1736,83030,PDX
2009,5,74856,1291,76147,PDX
2009,6,74934,1505,76439,PDX
2009,7,82150,749,82899,PDX
2009,8,87163,676,87839,PDX
2009,9,75096,558,75654,PDX
2009,10,74868,1014,75882,PDX
2009,11,73641,1454,75095,PDX
2009,12,80837,1848,82685,PDX
2009,TOTAL,928253,18596,946849,PDX
2010,1,70013,1707,71720,PDX
2010,2,67278,1905,69183,PDX
2010,3,83701,2285,85986,PDX
2010,4,78079,1401,79480,PDX
2010,5,79951,1518,81469,PDX
2010,6,89340,1302,90642,PDX
2010,7,92964,881,93845,PDX
2010,8,97811,732,98543,PDX
2010,9,81520,880,82400,PDX
2010,10,82225,1506,83731,PDX
2010,11,89451,1629,91080,PDX
2010,12,96858,2274,99132,PDX
2010,TOTAL,1009191,18020,1027211,PDX
2011,1,87996,2290,90286,PDX
2011,2,85281,2624,87905,PDX
2011,3,105080,3222,108302,PDX
2011,4,98365,1715,100080,PDX
2011,5,96198,1406,97604,PDX
2011,6,99698,1153,100851,PDX
2011,7,102711,899,103610,PDX
2011,8,108845,797,109642,PDX
2011,9,92906,791,93697,PDX
2011,10,94780,1641,96421,PDX
2011,11,97532,1811,99343,PDX
2011,12,98799,2212,101011,PDX
2011,TOTAL,1168191,20561,1188752,PDX
2012,1,89424,2099,91523,PDX
2012,2,85732,2275,88007,PDX
2012,3,103825,2886,106711,PDX
2012,4,97011,1866,98877,PDX
2012,5,98770,1998,100768,PDX
2012,6,106620,1477,108097,PDX
2012,7,111296,936,112232,PDX
2012,8,114490,989,115479,PDX
2012,9,92629,1099,93728,PDX
2012,10,96905,1759,98664,PDX
2012,11,110073,2145,112218,PDX
2012,12,113151,2150,115301,PDX
2012,TOTAL,1219926,21679,1241605,PDX
2013,1,104125,1583,105708,PDX
2013,2,95921,1781,97702,PDX
2013,3,118703,2329,121032,PDX
2013,4,108234,1473,109707,PDX
2013,5,103912,1425,105337,PDX
2013,6,116103,1186,117289,PDX
2013,7,124620,607,125227,PDX
2013,8,122747,646,123393,PDX
2013,9,107792,712,108504,PDX
2013,10,120337,1414,121751,PDX
2013,11,124126,1249,125375,PDX
2013,12,133469,1161,134630,PDX
2013,TOTAL,1380089,15566,1395655,PDX
2014,1,120177,1379,121556,PDX
2014,2,113340,1322,114662,PDX
2014,3,142890,1558,144448,PDX
2014,4,133142,828,133970,PDX
2014,5,128990,1025,130015,PDX
2014,6,138544,868,139412,PDX
2014,7,147883,443,148326,PDX
2014,8,144877,591,145468,PDX
2014,9,124130,267,124397,PDX
2014,10,132586,503,133089,PDX
2014,11,139334,3641,142975,PDX
2014,12,148784,5501,154285,PDX
2014,TOTAL,1614677,17926,1632603,PDX
2015,1,139541,4776,144317,PDX
2015,2,132790,4593,137383,PDX
2015,3,150981,4790,155771,PDX
2015,4,142351,3457,145808,PDX
2015,5,138655,1069,139724,PDX
2015,6,157675,988,158663,PDX
2015,7,168413,535,168948,PDX
2015,8,173168,464,173632,PDX
2015,9,149253,537,149790,PDX
2015,10,157646,1259,158905,PDX
2015,11,157280,1670,158950,PDX
2015,12,163761,3674,167435,PDX
2015,TOTAL,1831514,27812,1859326,PDX
2016,1,146158,4680,150838,PDX
2016,2,141319,4300,145619,PDX
2016,3,162357,4704,167061,PDX
2016,4,154868,3685,158553,PDX
2016,5,158321,1134,159455,PDX
2016,6,163028,994,164022,PDX
2016,7,166855,586,167441,PDX
2016,8,160581,491,161072,PDX
2016,9,141081,473,141554,PDX
2016,10,155065,1197,156262,PDX
2016,11,164687,1649,166336,PDX
2016,12,166982,3511,170493,PDX
2016,TOTAL,1881302,27404,1908706,PDX
2017,1,151336,4429,155765,PDX
2017,2,145933,4940,150873,PDX
2017,3,186679,5323,192002,PDX
2017,4,173327,3625,176952,PDX
2017,5,177628,1175,178803,PDX
2017,6,186474,1272,187746,PDX
2017,7,195257,1020,196277,PDX
2017,8,197534,616,198150,PDX
2017,9,167592,645,168237,PDX
2017,10,185321,1353,186674,PDX
2017,11,189856,885,190741,PDX
2017,12,206507,3563,210070,PDX
2017,TOTAL,2163444,28846,2192290,PDX
2018,1,172594,4853,177447,PDX
2018,2,188938,5019,193957,PDX
2018,3,213740,5346,219086,PDX
2018,4,219173,3808,222981,PDX
2018,5,215465,435,215900,PDX
2018,6,226578,0,226578,PDX
2018,7,238425,0,238425,PDX
2018,8,230914,57,230971,PDX
2018,9,196205,368,196573,PDX
2018,10,212350,508,212858,PDX
2018,11,212117,4365,216482,PDX
2018,12,203052,4973,208025,PDX
2018,TOTAL,2529551,29732,2559283,PDX
2019,1,185103,4859,189962,PDX
2019,2,180312,5022,185334,PDX
2019,3,211536,5792,217328,PDX
2019,4,193564,4841,198405,PDX
2019,5,212427,0,212427,PDX
2019,6,211739,0,211739,PDX
2019,7,222847,0,222847,PDX
2019,8,228934,0,228934,PDX
2019,9,200494,0,200494,PDX
2019,10,217399,0,217399,PDX
2019,11,204014,4749,208763,PDX
2019,12,227179,5730,232909,PDX
2019,TOTAL,2495548,30993,2526541,PDX
2020,1,205385,8515,213900,PDX
2020,2,199748,8783,208531,PDX
2020,3,97697,4668,102365,PDX
2020,4,3639,6,3645,PDX
2020,5,7121,0,7121,PDX
2020,6,12204,0,12204,PDX
2020,7,22201,0,22201,PDX
2020,8,23061,0,23061,PDX
2020,9,23132,0,23132,PDX
2020,10,49074,0,49074,PDX
2020,11,49861,0,49861,PDX
2020,TOTAL,693123,21972,593028,PDX
2012,6,2647,0,2647,PHL
2012,7,4465,0,4465,PHL
2012,8,4383,0,4383,PHL
2012,9,3029,0,3029,PHL
2012,10,3605,0,3605,PHL
2012,11,3530,0,3530,PHL
2012,12,3908,0,3908,PHL
2012,TOTAL,25567,0,25567,PHL
2013,1,3370,0,3370,PHL
2013,2,3108,0,3108,PHL
2013,3,3787,0,3787,PHL
2013,4,4269,0,4269,PHL
2013,5,4278,0,4278,PHL
2013,6,4331,0,4331,PHL
2013,7,4952,0,4952,PHL
2013,8,4892,0,4892,PHL
2013,9,3798,0,3798,PHL
2013,10,4441,0,4441,PHL
2013,11,3719,0,3719,PHL
2013,12,4889,0,4889,PHL
2013,TOTAL,49834,0,49834,PHL
2014,1,4145,0,4145,PHL
2014,2,3676,0,3676,PHL
2014,3,4412,0,4412,PHL
2014,4,4745,0,4745,PHL
2014,5,4765,0,4765,PHL
2014,6,4710,0,4710,PHL
2014,7,5031,0,5031,PHL
2014,8,4700,0,4700,PHL
2014,9,3735,0,3735,PHL
2014,10,4810,0,4810,PHL
2014,11,4314,0,4314,PHL
2014,12,5099,0,5099,PHL
2014,TOTAL,54142,0,54142,PHL
2015,1,4074,0,4074,PHL
2015,2,3751,0,3751,PHL
2015,3,4660,0,4660,PHL
2015,4,5071,0,5071,PHL
2015,5,5204,0,5204,PHL
2015,6,4816,0,4816,PHL
2015,7,5147,0,5147,PHL
2015,8,4624,0,4624,PHL
2015,9,4583,0,4583,PHL
2015,10,5144,0,5144,PHL
2015,11,4982,0,4982,PHL
2015,12,4897,0,4897,PHL
2015,TOTAL,56953,0,56953,PHL
2016,1,4248,0,4248,PHL
2016,2,3963,0,3963,PHL
2016,3,4720,0,4720,PHL
2016,4,4761,0,4761,PHL
2016,5,5193,0,5193,PHL
2016,6,4829,0,4829,PHL
2016,7,4922,0,4922,PHL
2016,8,5001,0,5001,PHL
2016,9,4887,0,4887,PHL
2016,10,5120,0,5120,PHL
2016,11,4865,0,4865,PHL
2016,12,4856,0,4856,PHL
2016,TOTAL,57365,0,57365,PHL
2017,1,4393,0,4393,PHL
2017,2,3619,0,3619,PHL
2017,3,4546,0,4546,PHL
2017,4,5061,0,5061,PHL
2017,5,6562,0,6562,PHL
2017,6,9158,0,9158,PHL
2017,7,9682,0,9682,PHL
2017,8,9055,0,9055,PHL
2017,9,4735,0,4735,PHL
2017,10,4811,0,4811,PHL
2017,11,4791,0,4791,PHL
2017,12,4841,0,4841,PHL
2017,TOTAL,71254,0,71254,PHL
2018,1,4319,0,4319,PHL
2018,2,4004,0,4004,PHL
2018,3,4670,0,4670,PHL
2018,4,11976,0,11976,PHL
2018,5,12632,0,12632,PHL
2018,6,16579,0,16579,PHL
2018,7,17825,0,17825,PHL
2018,8,16780,0,16780,PHL
2018,9,11637,0,11637,PHL
2018,10,12486,0,12486,PHL
2018,11,11966,0,11966,PHL
2018,12,12362,0,12362,PHL
2018,TOTAL,137236,0,137236,PHL
2019,1,10968,0,10968,PHL
2019,2,9167,0,9167,PHL
2019,3,11725,0,11725,PHL
2019,4,12437,0,12437,PHL
2019,5,13101,0,13101,PHL
2019,6,20017,0,20017,PHL
2019,7,22897,0,22897,PHL
2019,8,21360,0,21360,PHL
2019,9,15673,0,15673,PHL
2019,10,16311,0,16311,PHL
2019,11,8870,0,8870,PHL
2019,12,9404,0,9404,PHL
2019,TOTAL,171930,0,171930,PHL
2020,1,5830,0,5830,PHL
2020,2,4262,0,4262,PHL
2020,3,2393,0,2393,PHL
2020,4,412,0,412,PHL
2020,5,1659,0,1659,PHL
2020,6,3071,0,3071,PHL
2020,7,3468,0,3468,PHL
2020,8,4930,0,4930,PHL
2020,9,2823,0,2823,PHL
2020,10,2874,0,2874,PHL
2020,11,2494,0,2494,PHL
2020,TOTAL,34216,0,26025,PHL
2003,5,982,0,982,MCO
2003,6,4701,0,4701,MCO
2003,7,4680,0,4680,MCO
2003,8,4807,0,4807,MCO
2003,9,3235,0,3235,MCO
2003,10,4808,0,4808,MCO
2003,11,7258,0,7258,MCO
2003,12,8197,0,8197,MCO
2003,TOTAL,38668,0,38668,MCO
2004,1,8826,0,8826,MCO
2004,2,8484,0,8484,MCO
2004,3,9456,0,9456,MCO
2004,4,8495,0,8495,MCO
2004,5,8856,0,8856,MCO
2004,6,9231,0,9231,MCO
2004,7,9879,0,9879,MCO
2004,8,8934,0,8934,MCO
2004,9,5266,0,5266,MCO
2004,10,8686,0,8686,MCO
2004,11,8335,0,8335,MCO
2004,12,9006,0,9006,MCO
2004,TOTAL,103454,0,103454,MCO
2005,1,8592,0,8592,MCO
2005,2,8005,0,8005,MCO
2005,3,9154,0,9154,MCO
2005,4,8813,0,8813,MCO
2005,5,9445,0,9445,MCO
2005,6,8895,0,8895,MCO
2005,7,5545,0,5545,MCO
2005,8,4737,0,4737,MCO
2005,9,6609,111,6720,MCO
2005,10,7603,179,7782,MCO
2005,11,7754,0,7754,MCO
2005,12,8584,0,8584,MCO
2005,TOTAL,93736,290,94026,MCO
2006,1,8385,0,8385,MCO
2006,2,7839,0,7839,MCO
2006,3,8950,0,8950,MCO
2006,4,8595,0,8595,MCO
2006,5,8822,0,8822,MCO
2006,6,8577,0,8577,MCO
2006,7,9137,0,9137,MCO
2006,8,8088,0,8088,MCO
2006,9,6908,0,6908,MCO
2006,10,7830,0,7830,MCO
2006,11,7404,0,7404,MCO
2006,12,8383,0,8383,MCO
2006,TOTAL,98918,0,98918,MCO
2007,1,8543,0,8543,MCO
2007,2,7795,0,7795,MCO
2007,3,9044,0,9044,MCO
2007,4,8328,0,8328,MCO
2007,5,8581,0,8581,MCO
2007,6,8665,0,8665,MCO
2007,7,9142,0,9142,MCO
2007,8,8535,0,8535,MCO
2007,9,8017,0,8017,MCO
2007,10,10590,0,10590,MCO
2007,11,10585,0,10585,MCO
2007,12,11208,0,11208,MCO
2007,TOTAL,109033,0,109033,MCO
2008,1,10725,0,10725,MCO
2008,2,10078,0,10078,MCO
2008,3,11773,0,11773,MCO
2008,4,11653,0,11653,MCO
2008,5,11531,0,11531,MCO
2008,6,11193,0,11193,MCO
2008,7,11617,0,11617,MCO
2008,8,10576,0,10576,MCO
2008,9,7564,0,7564,MCO
2008,10,8057,0,8057,MCO
2008,11,7286,0,7286,MCO
2008,12,8513,0,8513,MCO
2008,TOTAL,120566,0,120566,MCO
2009,1,8615,0,8615,MCO
2009,2,7458,0,7458,MCO
2009,3,8503,0,8503,MCO
2009,4,8352,0,8352,MCO
2009,5,8717,0,8717,MCO
2009,6,8158,0,8158,MCO
2009,7,8598,0,8598,MCO
2009,8,8386,0,8386,MCO
2009,9,7145,0,7145,MCO
2009,10,8021,0,8021,MCO
2009,11,7665,0,7665,MCO
2009,12,8516,0,8516,MCO
2009,TOTAL,98134,0,98134,MCO
2010,1,8590,0,8590,MCO
2010,2,7743,0,7743,MCO
2010,3,7858,0,7858,MCO
2010,4,4717,0,4717,MCO
2010,5,4407,0,4407,MCO
2010,6,8177,0,8177,MCO
2010,7,8877,0,8877,MCO
2010,8,8914,0,8914,MCO
2010,9,7629,0,7629,MCO
2010,10,8357,0,8357,MCO
2010,11,8098,0,8098,MCO
2010,12,8665,0,8665,MCO
2010,TOTAL,92032,0,92032,MCO
2011,1,8313,0,8313,MCO
2011,2,7562,0,7562,MCO
2011,3,8973,0,8973,MCO
2011,4,8386,0,8386,MCO
2011,5,4739,0,4739,MCO
2011,6,4414,0,4414,MCO
2011,7,4628,0,4628,MCO
2011,8,4510,0,4510,MCO
2011,9,3997,0,3997,MCO
2011,10,4274,0,4274,MCO
2011,11,4328,0,4328,MCO
2011,12,4501,0,4501,MCO
2011,TOTAL,68625,0,68625,MCO
2012,1,7668,0,7668,MCO
2012,2,7810,0,7810,MCO
2012,3,6839,0,6839,MCO
2012,4,5780,0,5780,MCO
2012,5,5766,0,5766,MCO
2012,6,5773,0,5773,MCO
2012,7,5860,0,5860,MCO
2012,8,5740,0,5740,MCO
2012,9,5536,0,5536,MCO
2012,10,7482,0,7482,MCO
2012,11,8300,0,8300,MCO
2012,12,8894,0,8894,MCO
2012,TOTAL,81448,0,81448,MCO
2013,1,8444,0,8444,MCO
2013,2,7792,0,7792,MCO
2013,3,9118,0,9118,MCO
2013,4,8602,0,8602,MCO
2013,5,8637,0,8637,MCO
2013,6,9334,0,9334,MCO
2013,7,8830,0,8830,MCO
2013,8,8782,0,8782,MCO
2013,9,8040,0,8040,MCO
2013,10,8470,0,8470,MCO
2013,11,9131,0,9131,MCO
2013,12,9018,0,9018,MCO
2013,TOTAL,104198,0,104198,MCO
2014,1,8720,0,8720,MCO
2014,2,7877,0,7877,MCO
2014,3,9582,0,9582,MCO
2014,4,8731,0,8731,MCO
2014,5,9178,0,9178,MCO
2014,6,9244,0,9244,MCO
2014,7,9274,0,9274,MCO
2014,8,9477,0,9477,MCO
2014,9,7632,0,7632,MCO
2014,10,8650,0,8650,MCO
2014,11,9227,0,9227,MCO
2014,12,8197,0,8197,MCO
2014,TOTAL,105789,0,105789,MCO
2015,1,9245,0,9245,MCO
2015,2,8148,0,8148,MCO
2015,3,9534,0,9534,MCO
2015,4,9081,0,9081,MCO
2015,5,9879,0,9879,MCO
2015,6,8355,0,8355,MCO
2015,7,8644,0,8644,MCO
2015,8,9254,0,9254,MCO
2015,9,7830,0,7830,MCO
2015,10,9419,0,9419,MCO
2015,11,9313,0,9313,MCO
2015,12,8215,0,8215,MCO
2015,TOTAL,106917,0,106917,MCO
2016,1,9561,0,9561,MCO
2016,2,8346,0,8346,MCO
2016,3,9527,0,9527,MCO
2016,4,12820,0,12820,MCO
2016,5,13380,0,13380,MCO
2016,6,11616,0,11616,MCO
2016,7,12650,0,12650,MCO
2016,8,11368,0,11368,MCO
2016,9,9010,0,9010,MCO
2016,10,9394,0,9394,MCO
2016,11,9387,0,9387,MCO
2016,12,9009,0,9009,MCO
2016,TOTAL,126068,0,126068,MCO
2017,1,11162,0,11162,MCO
2017,2,9897,0,9897,MCO
2017,3,13963,0,13963,MCO
2017,4,17565,0,17565,MCO
2017,5,18113,0,18113,MCO
2017,6,16700,0,16700,MCO
2017,7,16386,0,16386,MCO
2017,8,14416,0,14416,MCO
2017,9,9827,0,9827,MCO
2017,10,13259,0,13259,MCO
2017,11,13167,0,13167,MCO
2017,12,14328,0,14328,MCO
2017,TOTAL,168783,0,168783,MCO
2018,1,14723,0,14723,MCO
2018,2,14413,0,14413,MCO
2018,3,18006,0,18006,MCO
2018,4,25604,0,25604,MCO
2018,5,25859,0,25859,MCO
2018,6,22855,0,22855,MCO
2018,7,21131,0,21131,MCO
2018,8,18871,0,18871,MCO
2018,9,16962,0,16962,MCO
2018,10,20249,0,20249,MCO
2018,11,20624,0,20624,MCO
2018,12,22155,0,22155,MCO
2018,TOTAL,241452,0,241452,MCO
2019,1,22532,0,22532,MCO
2019,2,20334,0,20334,MCO
2019,3,22693,0,22693,MCO
2019,4,21571,0,21571,MCO
2019,5,23328,0,23328,MCO
2019,6,22314,0,22314,MCO
2019,7,22213,0,22213,MCO
2019,8,21233,0,21233,MCO
2019,9,16923,0,16923,MCO
2019,10,20736,0,20736,MCO
2019,11,21111,0,21111,MCO
2019,12,21952,0,21952,MCO
2019,TOTAL,256940,0,256940,MCO
2020,1,26447,0,26447,MCO
2020,2,26168,0,26168,MCO
2020,3,14663,0,14663,MCO
2020,4,854,0,854,MCO
2020,5,2115,0,2115,MCO
2020,6,4224,0,4224,MCO
2020,7,5271,0,5271,MCO
2020,8,5461,0,5461,MCO
2020,9,4619,0,4619,MCO
2020,10,8847,0,8847,MCO
2020,11,8526,0,8526,MCO
2020,TOTAL,107195,0,85203,MCO
2006,10,115,0,115,MSP
2006,TOTAL,115,0,115,MSP
2008,10,1154,0,1154,MSP
2008,11,6893,0,6893,MSP
2008,12,7951,0,7951,MSP
2008,TOTAL,15998,0,15998,MSP
2009,1,6659,0,6659,MSP
2009,2,5330,0,5330,MSP
2009,3,6989,0,6989,MSP
2009,4,7617,0,7617,MSP
2009,5,8139,0,8139,MSP
2009,6,7376,0,7376,MSP
2009,7,8803,0,8803,MSP
2009,8,8999,0,8999,MSP
2009,9,8549,0,8549,MSP
2009,10,8091,0,8091,MSP
2009,11,7240,0,7240,MSP
2009,12,7272,0,7272,MSP
2009,TOTAL,91064,0,91064,MSP
2010,1,5771,0,5771,MSP
2010,2,4361,0,4361,MSP
2010,3,7766,0,7766,MSP
2010,4,7698,0,7698,MSP
2010,5,8571,0,8571,MSP
2010,6,8153,0,8153,MSP
2010,7,9107,0,9107,MSP
2010,8,9438,0,9438,MSP
2010,9,8823,0,8823,MSP
2010,10,8690,0,8690,MSP
2010,11,7912,0,7912,MSP
2010,12,8204,0,8204,MSP
2010,TOTAL,94494,0,94494,MSP
2011,1,7573,0,7573,MSP
2011,2,5894,0,5894,MSP
2011,3,7410,0,7410,MSP
2011,4,6405,0,6405,MSP
2011,5,7896,0,7896,MSP
2011,6,8888,0,8888,MSP
2011,7,8708,0,8708,MSP
2011,8,9111,0,9111,MSP
2011,9,9183,0,9183,MSP
2011,10,8969,0,8969,MSP
2011,11,8564,0,8564,MSP
2011,12,6941,0,6941,MSP
2011,TOTAL,95542,0,95542,MSP
2012,1,4152,0,4152,MSP
2012,2,3644,0,3644,MSP
2012,3,6698,0,6698,MSP
2012,4,7683,0,7683,MSP
2012,5,8764,0,8764,MSP
2012,6,7895,0,7895,MSP
2012,7,8382,0,8382,MSP
2012,8,7728,0,7728,MSP
2012,9,8030,0,8030,MSP
2012,10,8573,0,8573,MSP
2012,11,6562,0,6562,MSP
2012,12,6450,0,6450,MSP
2012,TOTAL,84561,0,84561,MSP
2013,1,7325,0,7325,MSP
2013,2,7010,0,7010,MSP
2013,3,7511,0,7511,MSP
2013,4,7589,0,7589,MSP
2013,5,8867,0,8867,MSP
2013,6,8917,0,8917,MSP
2013,7,8383,0,8383,MSP
2013,8,9058,0,9058,MSP
2013,9,6936,0,6936,MSP
2013,10,7453,0,7453,MSP
2013,11,6842,0,6842,MSP
2013,12,8048,0,8048,MSP
2013,TOTAL,93939,0,93939,MSP
2014,1,7484,0,7484,MSP
2014,2,6911,0,6911,MSP
2014,3,8192,0,8192,MSP
2014,4,6874,0,6874,MSP
2014,5,8462,0,8462,MSP
2014,6,9163,0,9163,MSP
2014,7,10117,0,10117,MSP
2014,8,8822,0,8822,MSP
2014,9,7425,0,7425,MSP
2014,10,7677,0,7677,MSP
2014,11,4178,0,4178,MSP
2014,12,6983,0,6983,MSP
2014,TOTAL,92288,0,92288,MSP
2015,1,4833,0,4833,MSP
2015,2,3519,0,3519,MSP
2015,3,7400,0,7400,MSP
2015,4,7827,0,7827,MSP
2015,5,9504,0,9504,MSP
2015,6,9535,0,9535,MSP
2015,7,10006,0,10006,MSP
2015,8,9220,0,9220,MSP
2015,9,9224,0,9224,MSP
2015,10,9305,0,9305,MSP
2015,11,8484,0,8484,MSP
2015,12,7227,0,7227,MSP
2015,TOTAL,96084,0,96084,MSP
2016,1,9499,0,9499,MSP
2016,2,8296,0,8296,MSP
2016,3,9655,0,9655,MSP
2016,4,7626,0,7626,MSP
2016,5,9371,0,9371,MSP
2016,6,11683,0,11683,MSP
2016,7,13273,0,13273,MSP
2016,8,13306,0,13306,MSP
2016,9,9085,0,9085,MSP
2016,10,9467,0,9467,MSP
2016,11,7231,0,7231,MSP
2016,12,8297,0,8297,MSP
2016,TOTAL,116789,0,116789,MSP
2017,1,7774,0,7774,MSP
2017,2,4155,0,4155,MSP
2017,3,7662,0,7662,MSP
2017,4,8403,0,8403,MSP
2017,5,11537,0,11537,MSP
2017,6,13500,0,13500,MSP
2017,7,13922,0,13922,MSP
2017,8,13039,0,13039,MSP
2017,9,8781,0,8781,MSP
2017,10,8896,0,8896,MSP
2017,11,7831,0,7831,MSP
2017,12,6902,0,6902,MSP
2017,TOTAL,112402,0,112402,MSP
2018,1,7827,0,7827,MSP
2018,2,7784,0,7784,MSP
2018,3,8651,0,8651,MSP
2018,4,7767,0,7767,MSP
2018,5,9664,0,9664,MSP
2018,6,9945,0,9945,MSP
2018,7,10158,0,10158,MSP
2018,8,10186,0,10186,MSP
2018,9,9758,0,9758,MSP
2018,10,10077,0,10077,MSP
2018,11,8856,0,8856,MSP
2018,12,8431,0,8431,MSP
2018,TOTAL,109104,0,109104,MSP
2019,1,8866,0,8866,MSP
2019,2,7685,0,7685,MSP
2019,3,11889,0,11889,MSP
2019,4,10217,0,10217,MSP
2019,5,11357,0,11357,MSP
2019,6,13583,0,13583,MSP
2019,7,15345,0,15345,MSP
2019,8,14982,0,14982,MSP
2019,9,13300,0,13300,MSP
2019,10,11056,0,11056,MSP
2019,11,9258,0,9258,MSP
2019,12,11006,0,11006,MSP
2019,TOTAL,138544,0,138544,MSP
2020,1,6991,0,6991,MSP
2020,2,6091,0,6091,MSP
2020,3,3965,0,3965,MSP
2020,4,741,0,741,MSP
2020,5,1834,0,1834,MSP
2020,6,3670,0,3670,MSP
2020,7,4996,0,4996,MSP
2020,8,5021,0,5021,MSP
2020,9,4453,0,4453,MSP
2020,10,4806,0,4806,MSP
2020,11,3046,0,3046,MSP
2020,TOTAL,45614,0,33309,MSP
2009,9,575,0,575,IAH
2009,10,3106,0,3106,IAH
2009,11,3367,0,3367,IAH
2009,12,3731,0,3731,IAH
2009,TOTAL,10779,0,10779,IAH
2010,1,3258,0,3258,IAH
2010,2,2866,0,2866,IAH
2010,3,2976,0,2976,IAH
2010,4,3139,0,3139,IAH
2010,5,3304,0,3304,IAH
2010,6,4120,0,4120,IAH
2010,7,4553,0,4553,IAH
2010,8,4013,0,4013,IAH
2010,9,2478,0,2478,IAH
2010,10,2774,0,2774,IAH
2010,11,2949,0,2949,IAH
2010,12,3242,0,3242,IAH
2010,TOTAL,39672,0,39672,IAH
2011,1,3288,0,3288,IAH
2011,2,2735,0,2735,IAH
2011,3,3595,0,3595,IAH
2011,4,4018,0,4018,IAH
2011,5,4430,0,4430,IAH
2011,6,4311,0,4311,IAH
2011,7,4490,0,4490,IAH
2011,8,4515,0,4515,IAH
2011,9,3682,0,3682,IAH
2011,10,3900,0,3900,IAH
2011,11,4202,0,4202,IAH
2011,12,4217,0,4217,IAH
2011,TOTAL,47383,0,47383,IAH
2012,1,4195,0,4195,IAH
2012,2,3683,0,3683,IAH
2012,3,4426,0,4426,IAH
2012,4,4385,0,4385,IAH
2012,5,4518,0,4518,IAH
2012,6,4838,0,4838,IAH
2012,7,4999,0,4999,IAH
2012,8,4937,0,4937,IAH
2012,9,4190,0,4190,IAH
2012,10,4288,0,4288,IAH
2012,11,4357,0,4357,IAH
2012,12,4544,0,4544,IAH
2012,TOTAL,53360,0,53360,IAH
2013,1,4427,0,4427,IAH
2013,2,4022,0,4022,IAH
2013,3,4385,0,4385,IAH
2013,4,4424,0,4424,IAH
2013,5,4736,0,4736,IAH
2013,6,4683,0,4683,IAH
2013,7,4825,0,4825,IAH
2013,8,4582,0,4582,IAH
2013,9,3720,0,3720,IAH
2013,10,4124,0,4124,IAH
2013,11,4104,0,4104,IAH
2013,12,4986,0,4986,IAH
2013,TOTAL,53018,0,53018,IAH
2014,1,4711,0,4711,IAH
2014,2,4314,0,4314,IAH
2014,3,4532,0,4532,IAH
2014,4,4658,0,4658,IAH
2014,5,4900,0,4900,IAH
2014,6,4854,0,4854,IAH
2014,7,5164,0,5164,IAH
2014,8,4657,0,4657,IAH
2014,9,3444,0,3444,IAH
2014,10,4321,0,4321,IAH
2014,11,4309,0,4309,IAH
2014,12,4919,0,4919,IAH
2014,TOTAL,54783,0,54783,IAH
2015,1,4182,0,4182,IAH
2015,2,4006,0,4006,IAH
2015,3,4895,0,4895,IAH
2015,4,4678,0,4678,IAH
2015,5,4915,0,4915,IAH
2015,6,4849,0,4849,IAH
2015,7,8358,0,8358,IAH
2015,8,7266,0,7266,IAH
2015,9,4599,0,4599,IAH
2015,10,4318,0,4318,IAH
2015,11,4475,0,4475,IAH
2015,12,4718,0,4718,IAH
2015,TOTAL,61259,0,61259,IAH
2016,1,4169,0,4169,IAH
2016,2,4357,0,4357,IAH
2016,3,6390,0,6390,IAH
2016,4,7448,0,7448,IAH
2016,5,7903,0,7903,IAH
2016,6,7997,0,7997,IAH
2016,7,8267,0,8267,IAH
2016,8,7654,0,7654,IAH
2016,9,6052,0,6052,IAH
2016,10,6200,0,6200,IAH
2016,11,7059,0,7059,IAH
2016,12,7889,0,7889,IAH
2016,TOTAL,81385,0,81385,IAH
2017,1,7005,0,7005,IAH
2017,2,6280,0,6280,IAH
2017,3,7382,0,7382,IAH
2017,4,8219,0,8219,IAH
2017,5,8691,0,8691,IAH
2017,6,9538,0,9538,IAH
2017,7,9899,0,9899,IAH
2017,8,8060,0,8060,IAH
2017,9,6122,0,6122,IAH
2017,10,6691,0,6691,IAH
2017,11,6846,0,6846,IAH
2017,12,7633,0,7633,IAH
2017,TOTAL,92366,0,92366,IAH
2018,1,5413,0,5413,IAH
2018,2,4556,0,4556,IAH
2018,3,6978,0,6978,IAH
2018,4,8191,0,8191,IAH
2018,5,9081,0,9081,IAH
2018,6,9549,0,9549,IAH
2018,7,9965,0,9965,IAH
2018,8,7856,0,7856,IAH
2018,9,6489,0,6489,IAH
2018,10,6782,0,6782,IAH
2018,11,6139,0,6139,IAH
2018,12,6716,0,6716,IAH
2018,TOTAL,87715,0,87715,IAH
2019,1,5834,0,5834,IAH
2019,2,5893,0,5893,IAH
2019,3,7617,0,7617,IAH
2019,4,8028,0,8028,IAH
2019,5,9165,0,9165,IAH
2019,6,9728,0,9728,IAH
2019,7,10177,0,10177,IAH
2019,8,9322,0,9322,IAH
2019,9,7743,0,7743,IAH
2019,10,7762,0,7762,IAH
2019,11,7546,0,7546,IAH
2019,12,9545,0,9545,IAH
2019,TOTAL,98360,0,98360,IAH
2020,1,8504,0,8504,IAH
2020,2,8195,0,8195,IAH
2020,3,4585,0,4585,IAH
2020,4,515,0,515,IAH
2020,5,1291,0,1291,IAH
2020,6,3211,0,3211,IAH
2020,7,2860,0,2860,IAH
2020,8,3036,0,3036,IAH
2020,9,2841,0,2841,IAH
2020,10,2965,0,2965,IAH
2020,11,2576,0,2576,IAH
2020,TOTAL,40579,0,32197,IAH
2007,10,2660,0,2660,HNL
2007,11,4181,0,4181,HNL
2007,12,6236,0,6236,HNL
2007,TOTAL,13077,0,13077,HNL
2008,1,8979,0,8979,HNL
2008,2,8450,0,8450,HNL
2008,3,9135,0,9135,HNL
2008,4,8177,0,8177,HNL
2008,5,6101,0,6101,HNL
2008,6,5560,0,5560,HNL
2008,7,5577,0,5577,HNL
2008,8,6099,0,6099,HNL
2008,9,5554,0,5554,HNL
2008,10,6088,0,6088,HNL
2008,11,7756,0,7756,HNL
2008,12,8068,0,8068,HNL
2008,TOTAL,85544,0,85544,HNL
2009,1,8864,0,8864,HNL
2009,2,8261,0,8261,HNL
2009,3,9257,0,9257,HNL
2009,4,8443,0,8443,HNL
2009,5,6761,0,6761,HNL
2009,6,5654,0,5654,HNL
2009,7,9894,0,9894,HNL
2009,8,10653,0,10653,HNL
2009,9,9628,0,9628,HNL
2009,10,10222,0,10222,HNL
2009,11,11564,0,11564,HNL
2009,12,13273,0,13273,HNL
2009,TOTAL,112474,0,112474,HNL
2010,1,13562,0,13562,HNL
2010,2,12237,0,12237,HNL
2010,3,13915,0,13915,HNL
2010,4,13114,0,13114,HNL
2010,5,11313,0,11313,HNL
2010,6,10531,0,10531,HNL
2010,7,11272,0,11272,HNL
2010,8,11473,0,11473,HNL
2010,9,11934,0,11934,HNL
2010,10,15398,0,15398,HNL
2010,11,16745,0,16745,HNL
2010,12,17998,0,17998,HNL
2010,TOTAL,159492,0,159492,HNL
2011,1,21243,0,21243,HNL
2011,2,20879,0,20879,HNL
2011,3,23551,0,23551,HNL
2011,4,22806,0,22806,HNL
2011,5,20834,0,20834,HNL
2011,6,21166,0,21166,HNL
2011,7,22942,0,22942,HNL
2011,8,23011,0,23011,HNL
2011,9,20588,0,20588,HNL
2011,10,21931,0,21931,HNL
2011,11,23713,0,23713,HNL
2011,12,28575,0,28575,HNL
2011,TOTAL,271239,0,271239,HNL
2012,1,31595,0,31595,HNL
2012,2,29664,0,29664,HNL
2012,3,29140,0,29140,HNL
2012,4,33733,0,33733,HNL
2012,5,36839,0,36839,HNL
2012,6,34301,0,34301,HNL
2012,7,34638,0,34638,HNL
2012,8,35360,0,35360,HNL
2012,9,28162,0,28162,HNL
2012,10,29154,0,29154,HNL
2012,11,33141,0,33141,HNL
2012,12,34480,0,34480,HNL
2012,TOTAL,390207,0,390207,HNL
2013,1,39075,0,39075,HNL
2013,2,33995,0,33995,HNL
2013,3,40498,0,40498,HNL
2013,4,40985,0,40985,HNL
2013,5,41093,0,41093,HNL
2013,6,39009,0,39009,HNL
2013,7,40214,0,40214,HNL
2013,8,39113,0,39113,HNL
2013,9,25783,0,25783,HNL
2013,10,25247,0,25247,HNL
2013,11,27377,0,27377,HNL
2013,12,34301,0,34301,HNL
2013,TOTAL,426690,0,426690,HNL
2014,1,33190,0,33190,HNL
2014,2,30471,0,30471,HNL
2014,3,38932,0,38932,HNL
2014,4,31836,0,31836,HNL
2014,5,30699,0,30699,HNL
2014,6,32620,0,32620,HNL
2014,7,34737,0,34737,HNL
2014,8,32655,0,32655,HNL
2014,9,27669,0,27669,HNL
2014,10,28252,0,28252,HNL
2014,11,25095,0,25095,HNL
2014,12,28846,0,28846,HNL
2014,TOTAL,375002,0,375002,HNL
2015,1,25964,0,25964,HNL
2015,2,22267,0,22267,HNL
2015,3,32906,0,32906,HNL
2015,4,34706,0,34706,HNL
2015,5,34726,0,34726,HNL
2015,6,34930,0,34930,HNL
2015,7,35862,0,35862,HNL
2015,8,35036,0,35036,HNL
2015,9,29204,0,29204,HNL
2015,10,29675,0,29675,HNL
2015,11,29527,0,29527,HNL
2015,12,31478,0,31478,HNL
2015,TOTAL,376281,0,376281,HNL
2016,1,31283,0,31283,HNL
2016,2,27530,0,27530,HNL
2016,3,30800,0,30800,HNL
2016,4,29632,0,29632,HNL
2016,5,30582,0,30582,HNL
2016,6,32795,0,32795,HNL
2016,7,33258,0,33258,HNL
2016,8,31729,0,31729,HNL
2016,9,25245,0,25245,HNL
2016,10,26345,0,26345,HNL
2016,11,23945,0,23945,HNL
2016,12,24777,0,24777,HNL
2016,TOTAL,347921,0,347921,HNL
2017,1,25982,0,25982,HNL
2017,2,21825,0,21825,HNL
2017,3,26888,0,26888,HNL
2017,4,26641,0,26641,HNL
2017,5,29002,0,29002,HNL
2017,6,32949,0,32949,HNL
2017,7,33779,0,33779,HNL
2017,8,32062,0,32062,HNL
2017,9,25776,0,25776,HNL
2017,10,26605,0,26605,HNL
2017,11,24652,0,24652,HNL
2017,12,24876,0,24876,HNL
2017,TOTAL,331037,0,331037,HNL
2018,1,27136,0,27136,HNL
2018,2,23920,0,23920,HNL
2018,3,27692,0,27692,HNL
2018,4,34604,0,34604,HNL
2018,5,38640,0,38640,HNL
2018,6,40249,0,40249,HNL
2018,7,41680,0,41680,HNL
2018,8,38423,0,38423,HNL
2018,9,37426,0,37426,HNL
2018,10,42003,0,42003,HNL
2018,11,40665,0,40665,HNL
2018,12,41020,0,41020,HNL
2018,TOTAL,433458,0,433458,HNL
2019,1,40719,0,40719,HNL
2019,2,34797,0,34797,HNL
2019,3,41911,0,41911,HNL
2019,4,41965,0,41965,HNL
2019,5,41407,0,41407,HNL
2019,6,44371,0,44371,HNL
2019,7,47423,0,47423,HNL
2019,8,45332,0,45332,HNL
2019,9,38168,0,38168,HNL
2019,10,38873,0,38873,HNL
2019,11,38260,0,38260,HNL
2019,12,42166,0,42166,HNL
2019,TOTAL,495392,0,495392,HNL
2020,1,41407,0,41407,HNL
2020,2,35766,0,35766,HNL
2020,3,28336,0,28336,HNL
2020,4,2315,0,2315,HNL
2020,5,4808,0,4808,HNL
2020,6,5485,0,5485,HNL
2020,7,4535,0,4535,HNL
2020,8,5588,0,5588,HNL
2020,9,3764,0,3764,HNL
2020,10,3640,0,3640,HNL
2020,11,7433,0,7433,HNL
2020,TOTAL,143077,0,128240,HNL
